index,key,value
1998 Q1,NSWMetro,9.0470953969
1998 Q2,NSWMetro,6.962125889799999
1998 Q3,NSWMetro,6.8719630475
1998 Q4,NSWMetro,7.1472926116
1999 Q1,NSWMetro,7.9569228143
1999 Q2,NSWMetro,6.5422432631000005
1999 Q3,NSWMetro,6.3303640784
1999 Q4,NSWMetro,7.50921219
2000 Q1,NSWMetro,7.6624905024
2000 Q2,NSWMetro,6.341801885
2000 Q3,NSWMetro,7.827300649
2000 Q4,NSWMetro,9.579562225899998
2001 Q1,NSWMetro,8.2704883892
2001 Q2,NSWMetro,7.240426634
2001 Q3,NSWMetro,6.6404896461
2001 Q4,NSWMetro,7.1118747783
2002 Q1,NSWMetro,6.8278257096
2002 Q2,NSWMetro,6.4049920352
2002 Q3,NSWMetro,6.6157601335
2002 Q4,NSWMetro,7.2263764749
2003 Q1,NSWMetro,7.5890582523
2003 Q2,NSWMetro,6.334527185900001
2003 Q3,NSWMetro,5.9967475195999995
2003 Q4,NSWMetro,6.612846165300001
2004 Q1,NSWMetro,7.7582674934
2004 Q2,NSWMetro,6.7788356463
2004 Q3,NSWMetro,5.8544516077
2004 Q4,NSWMetro,6.200213827100001
2005 Q1,NSWMetro,7.1638299153
2005 Q2,NSWMetro,5.082203579400001
2005 Q3,NSWMetro,5.6735513547
2005 Q4,NSWMetro,6.0899058008
2006 Q1,NSWMetro,8.525915574
2006 Q2,NSWMetro,6.569684438
2006 Q3,NSWMetro,5.771059328000001
2006 Q4,NSWMetro,6.692897342
2007 Q1,NSWMetro,8.1586575325
2007 Q2,NSWMetro,5.7100824346
2007 Q3,NSWMetro,5.4025429286
2007 Q4,NSWMetro,6.8034937
2008 Q1,NSWMetro,7.8662692994
2008 Q2,NSWMetro,5.616703844700001
2008 Q3,NSWMetro,5.8867639607
2008 Q4,NSWMetro,5.5062984749999995
2009 Q1,NSWMetro,6.7872254196
2009 Q2,NSWMetro,5.3613172195
2009 Q3,NSWMetro,4.6993495426
2009 Q4,NSWMetro,6.2087840697
2010 Q1,NSWMetro,7.148262201800001
2010 Q2,NSWMetro,4.8502174843
2010 Q3,NSWMetro,6.0294895211
2010 Q4,NSWMetro,6.238902535
2011 Q1,NSWMetro,7.5974675006
2011 Q2,NSWMetro,5.815929591500001
2011 Q3,NSWMetro,6.183238766600001
2011 Q4,NSWMetro,5.9290301326999995
2012 Q1,NSWMetro,7.9869310625
2012 Q2,NSWMetro,5.3078709729
2012 Q3,NSWMetro,6.0541116937999995
2012 Q4,NSWMetro,6.0238968728
2013 Q1,NSWMetro,7.0284801217
2013 Q2,NSWMetro,5.8134500297
2013 Q3,NSWMetro,6.3228414263
2013 Q4,NSWMetro,7.1016905301
2014 Q1,NSWMetro,7.8973159874
2014 Q2,NSWMetro,5.9974675568
2014 Q3,NSWMetro,6.0335328619
2014 Q4,NSWMetro,7.1033975236
2015 Q1,NSWMetro,8.7251316209
2015 Q2,NSWMetro,6.9958746449
2015 Q3,NSWMetro,6.294489763
2015 Q4,NSWMetro,6.945476338600001
2016 Q1,NSWMetro,7.373757347200001
2016 Q2,NSWMetro,6.7922336825
2016 Q3,NSWMetro,6.530568025599999
2016 Q4,NSWMetro,7.8782768422
1998 Q1,NSWNthCo,8.5656778903
1998 Q2,NSWNthCo,7.1244683616
1998 Q3,NSWNthCo,4.7168931164
1998 Q4,NSWNthCo,6.2692990649
1999 Q1,NSWNthCo,9.493901336
1999 Q2,NSWNthCo,5.4012013894
1999 Q3,NSWNthCo,5.5426258237
1999 Q4,NSWNthCo,6.383473631699999
2000 Q1,NSWNthCo,8.3370080096
2000 Q2,NSWNthCo,4.9234761714
2000 Q3,NSWNthCo,5.1344912284
2000 Q4,NSWNthCo,6.3898878082
2001 Q1,NSWNthCo,8.259398342599999
2001 Q2,NSWNthCo,5.4426688179000005
2001 Q3,NSWNthCo,5.767428112599999
2001 Q4,NSWNthCo,5.611910074600001
2002 Q1,NSWNthCo,9.50484267
2002 Q2,NSWNthCo,6.0325248872
2002 Q3,NSWNthCo,5.8240364124
2002 Q4,NSWNthCo,6.521765428
2003 Q1,NSWNthCo,8.985047892099999
2003 Q2,NSWNthCo,5.58626359
2003 Q3,NSWNthCo,5.4580921119
2003 Q4,NSWNthCo,6.451381762
2004 Q1,NSWNthCo,8.5624033888
2004 Q2,NSWNthCo,5.7690524682
2004 Q3,NSWNthCo,5.4367937642
2004 Q4,NSWNthCo,5.99755024
2005 Q1,NSWNthCo,8.561084413500001
2005 Q2,NSWNthCo,5.1777180905
2005 Q3,NSWNthCo,5.061627523299999
2005 Q4,NSWNthCo,5.1317934906
2006 Q1,NSWNthCo,7.948298965
2006 Q2,NSWNthCo,6.220572149
2006 Q3,NSWNthCo,5.720923248
2006 Q4,NSWNthCo,5.861450471
2007 Q1,NSWNthCo,8.4929110516
2007 Q2,NSWNthCo,5.6385429601
2007 Q3,NSWNthCo,5.2069026449
2007 Q4,NSWNthCo,6.495867281200001
2008 Q1,NSWNthCo,8.859705051999999
2008 Q2,NSWNthCo,5.1696164927
2008 Q3,NSWNthCo,4.6773354324000005
2008 Q4,NSWNthCo,6.0631736447
2009 Q1,NSWNthCo,8.3960698536
2009 Q2,NSWNthCo,4.7013955330999995
2009 Q3,NSWNthCo,4.7020307055
2009 Q4,NSWNthCo,6.590312614
2010 Q1,NSWNthCo,7.6749298901000005
2010 Q2,NSWNthCo,4.8861404891
2010 Q3,NSWNthCo,5.6014507477999995
2010 Q4,NSWNthCo,5.6818853405
2011 Q1,NSWNthCo,8.297531605800001
2011 Q2,NSWNthCo,6.0036093396
2011 Q3,NSWNthCo,5.0430165599
2011 Q4,NSWNthCo,6.1416923945
2012 Q1,NSWNthCo,8.2306579564
2012 Q2,NSWNthCo,5.2153094043
2012 Q3,NSWNthCo,5.6805821001000005
2012 Q4,NSWNthCo,6.8185129932
2013 Q1,NSWNthCo,7.7642699322999995
2013 Q2,NSWNthCo,5.2726028288
2013 Q3,NSWNthCo,5.2543575449
2013 Q4,NSWNthCo,6.5219791206
2014 Q1,NSWNthCo,8.563474331199998
2014 Q2,NSWNthCo,6.0059107861
2014 Q3,NSWNthCo,5.8468729335
2014 Q4,NSWNthCo,5.7902886435
2015 Q1,NSWNthCo,7.8757250582
2015 Q2,NSWNthCo,6.021249171
2015 Q3,NSWNthCo,5.4864287051
2015 Q4,NSWNthCo,6.8181651733
2016 Q1,NSWNthCo,9.945415088199999
2016 Q2,NSWNthCo,6.664099360500001
2016 Q3,NSWNthCo,5.9784578276
2016 Q4,NSWNthCo,7.3620449339
1998 Q1,NSWSthCo,5.818028804
1998 Q2,NSWSthCo,2.4664367059
1998 Q3,NSWSthCo,1.9280528335
1998 Q4,NSWSthCo,2.7975559735
1999 Q1,NSWSthCo,4.8536806796
1999 Q2,NSWSthCo,2.759843103
1999 Q3,NSWSthCo,2.0418266248
1999 Q4,NSWSthCo,2.6506772206
2000 Q1,NSWSthCo,5.367951355
2000 Q2,NSWSthCo,3.4607945337
2000 Q3,NSWSthCo,1.6061728533000001
2000 Q4,NSWSthCo,2.5632538883000002
2001 Q1,NSWSthCo,4.9138456938
2001 Q2,NSWSthCo,3.143754048
2001 Q3,NSWSthCo,1.7760689651000001
2001 Q4,NSWSthCo,2.4379883115
2002 Q1,NSWSthCo,4.503677562199999
2002 Q2,NSWSthCo,2.7389893225
2002 Q3,NSWSthCo,2.597074341
2002 Q4,NSWSthCo,3.0361038506
2003 Q1,NSWSthCo,5.347348569599999
2003 Q2,NSWSthCo,2.4684390207
2003 Q3,NSWSthCo,1.8395350605
2003 Q4,NSWSthCo,2.790800558
2004 Q1,NSWSthCo,5.079241473
2004 Q2,NSWSthCo,2.2185871578
2004 Q3,NSWSthCo,1.9741401054999999
2004 Q4,NSWSthCo,2.4473963381
2005 Q1,NSWSthCo,5.1136888233999995
2005 Q2,NSWSthCo,1.8481871163999999
2005 Q3,NSWSthCo,1.7416601929000002
2005 Q4,NSWSthCo,2.3480972056000002
2006 Q1,NSWSthCo,5.067586035000001
2006 Q2,NSWSthCo,2.359089016
2006 Q3,NSWSthCo,1.7990493429999999
2006 Q4,NSWSthCo,2.705538984
2007 Q1,NSWSthCo,4.059227991899999
2007 Q2,NSWSthCo,2.4222432441
2007 Q3,NSWSthCo,1.5719162791
2007 Q4,NSWSthCo,2.1235891187
2008 Q1,NSWSthCo,5.057994997800001
2008 Q2,NSWSthCo,2.225727241
2008 Q3,NSWSthCo,1.6886075339
2008 Q4,NSWSthCo,2.5510461768
2009 Q1,NSWSthCo,4.6428893396
2009 Q2,NSWSthCo,2.1226352331
2009 Q3,NSWSthCo,1.2608963537
2009 Q4,NSWSthCo,2.394690798
2010 Q1,NSWSthCo,4.6382318937
2010 Q2,NSWSthCo,1.8698049693999998
2010 Q3,NSWSthCo,1.5857820635
2010 Q4,NSWSthCo,2.2878081107
2011 Q1,NSWSthCo,4.553495719
2011 Q2,NSWSthCo,2.2106994555
2011 Q3,NSWSthCo,1.9718814369
2011 Q4,NSWSthCo,1.9905918267
2012 Q1,NSWSthCo,4.5478329954
2012 Q2,NSWSthCo,2.2162563298
2012 Q3,NSWSthCo,1.4635971793000002
2012 Q4,NSWSthCo,2.3033887414
2013 Q1,NSWSthCo,5.027767337299999
2013 Q2,NSWSthCo,2.3318583285999996
2013 Q3,NSWSthCo,2.0278621661
2013 Q4,NSWSthCo,2.7692486992
2014 Q1,NSWSthCo,4.2093004592
2014 Q2,NSWSthCo,2.4004955828
2014 Q3,NSWSthCo,1.6623378486
2014 Q4,NSWSthCo,2.8313549748
2015 Q1,NSWSthCo,4.8117832296
2015 Q2,NSWSthCo,2.7661029166
2015 Q3,NSWSthCo,2.0975442689
2015 Q4,NSWSthCo,2.5614404583
2016 Q1,NSWSthCo,4.7891942037
2016 Q2,NSWSthCo,2.3202285337
2016 Q3,NSWSthCo,1.6510912338000001
2016 Q4,NSWSthCo,2.7132102650000003
1998 Q1,NSWSthIn,2.6795379629
1998 Q2,NSWSthIn,3.0107321547000003
1998 Q3,NSWSthIn,3.3288690045
1998 Q4,NSWSthIn,2.4177722355
1999 Q1,NSWSthIn,3.2242854282
1999 Q2,NSWSthIn,2.4284890380000004
1999 Q3,NSWSthIn,2.8932734816
1999 Q4,NSWSthIn,2.8145780169
2000 Q1,NSWSthIn,2.5530720615
2000 Q2,NSWSthIn,2.3682105895
2000 Q3,NSWSthIn,2.9348929747000003
2000 Q4,NSWSthIn,2.5612722262000003
2001 Q1,NSWSthIn,2.3781075896000003
2001 Q2,NSWSthIn,2.8812883039
2001 Q3,NSWSthIn,2.4709182833
2001 Q4,NSWSthIn,2.5082590693
2002 Q1,NSWSthIn,2.5391493242000003
2002 Q2,NSWSthIn,2.3252628477
2002 Q3,NSWSthIn,3.6180771257
2002 Q4,NSWSthIn,2.5565700283
2003 Q1,NSWSthIn,2.6453023789
2003 Q2,NSWSthIn,2.6131923596
2003 Q3,NSWSthIn,3.0286057679000002
2003 Q4,NSWSthIn,2.5921560951
2004 Q1,NSWSthIn,2.641145989
2004 Q2,NSWSthIn,2.2771375542
2004 Q3,NSWSthIn,3.0650549279000003
2004 Q4,NSWSthIn,2.9193186669
2005 Q1,NSWSthIn,3.3088726539
2005 Q2,NSWSthIn,2.6831265456
2005 Q3,NSWSthIn,2.6800404701000002
2005 Q4,NSWSthIn,1.7699479819000001
2006 Q1,NSWSthIn,2.452970974
2006 Q2,NSWSthIn,2.17767174
2006 Q3,NSWSthIn,2.776814372
2006 Q4,NSWSthIn,1.963298024
2007 Q1,NSWSthIn,2.4904560947
2007 Q2,NSWSthIn,2.4991545484
2007 Q3,NSWSthIn,2.5547025813
2007 Q4,NSWSthIn,2.2569786182
2008 Q1,NSWSthIn,2.4858709226
2008 Q2,NSWSthIn,1.9615350424
2008 Q3,NSWSthIn,2.4292341714999997
2008 Q4,NSWSthIn,2.5678505883
2009 Q1,NSWSthIn,2.0365386507
2009 Q2,NSWSthIn,1.9921290531
2009 Q3,NSWSthIn,2.9670964350999998
2009 Q4,NSWSthIn,2.2725636849
2010 Q1,NSWSthIn,2.1705571101
2010 Q2,NSWSthIn,2.1410730500999997
2010 Q3,NSWSthIn,3.3282496981999996
2010 Q4,NSWSthIn,2.3021432629
2011 Q1,NSWSthIn,2.2222617583
2011 Q2,NSWSthIn,2.0874703124
2011 Q3,NSWSthIn,3.3679050723
2011 Q4,NSWSthIn,2.1672175206000004
2012 Q1,NSWSthIn,2.0962836495
2012 Q2,NSWSthIn,2.3219558624000003
2012 Q3,NSWSthIn,2.5347282122
2012 Q4,NSWSthIn,2.4248361161
2013 Q1,NSWSthIn,2.9565868645999998
2013 Q2,NSWSthIn,2.2388514081
2013 Q3,NSWSthIn,2.7113736671
2013 Q4,NSWSthIn,2.3293020430999998
2014 Q1,NSWSthIn,2.7311911395000004
2014 Q2,NSWSthIn,2.6856321538000003
2014 Q3,NSWSthIn,2.8962982354
2014 Q4,NSWSthIn,2.4005822718
2015 Q1,NSWSthIn,2.4598219703999997
2015 Q2,NSWSthIn,2.2109626289
2015 Q3,NSWSthIn,3.0797256992
2015 Q4,NSWSthIn,2.6308741812
2016 Q1,NSWSthIn,2.7678529687999998
2016 Q2,NSWSthIn,2.6913646789
2016 Q3,NSWSthIn,3.2695653975
2016 Q4,NSWSthIn,2.7393918013
1998 Q1,NSWNthIn,2.9775066618
1998 Q2,NSWNthIn,3.4777027168
1998 Q3,NSWNthIn,3.0147703307000002
1998 Q4,NSWNthIn,3.757972112
1999 Q1,NSWNthIn,3.7907599002000003
1999 Q2,NSWNthIn,3.3952839388
1999 Q3,NSWNthIn,3.6261200939
1999 Q4,NSWNthIn,3.6914980270999997
2000 Q1,NSWNthIn,3.1358340131
2000 Q2,NSWNthIn,2.8246040465999998
2000 Q3,NSWNthIn,3.3906751543
2000 Q4,NSWNthIn,2.946215151
2001 Q1,NSWNthIn,3.1170188358999997
2001 Q2,NSWNthIn,2.9674602041
2001 Q3,NSWNthIn,3.1112544234
2001 Q4,NSWNthIn,2.778671178
2002 Q1,NSWNthIn,3.2460549461
2002 Q2,NSWNthIn,3.1824639957
2002 Q3,NSWNthIn,3.5507220563999997
2002 Q4,NSWNthIn,3.6547100698
2003 Q1,NSWNthIn,2.5300925019
2003 Q2,NSWNthIn,3.0226127843
2003 Q3,NSWNthIn,3.1382558479
2003 Q4,NSWNthIn,2.7489808658
2004 Q1,NSWNthIn,3.1135903744
2004 Q2,NSWNthIn,3.4418461929
2004 Q3,NSWNthIn,3.3618045901
2004 Q4,NSWNthIn,3.9274077526999998
2005 Q1,NSWNthIn,3.7600088364
2005 Q2,NSWNthIn,2.8669399567
2005 Q3,NSWNthIn,3.1016098392
2005 Q4,NSWNthIn,2.8322971413
2006 Q1,NSWNthIn,2.9863505359999998
2006 Q2,NSWNthIn,2.84945493
2006 Q3,NSWNthIn,2.9257072469999996
2006 Q4,NSWNthIn,2.8856460470000003
2007 Q1,NSWNthIn,3.1016742586
2007 Q2,NSWNthIn,3.3348225859999996
2007 Q3,NSWNthIn,2.8221557321
2007 Q4,NSWNthIn,2.6655082138
2008 Q1,NSWNthIn,3.2824560455
2008 Q2,NSWNthIn,2.9444948211999997
2008 Q3,NSWNthIn,2.7726931196
2008 Q4,NSWNthIn,2.8927270795999998
2009 Q1,NSWNthIn,2.631521285
2009 Q2,NSWNthIn,2.6493920161
2009 Q3,NSWNthIn,2.8604497357
2009 Q4,NSWNthIn,2.7069879752
2010 Q1,NSWNthIn,2.6959454197
2010 Q2,NSWNthIn,3.2080419405
2010 Q3,NSWNthIn,2.8281163775
2010 Q4,NSWNthIn,2.6216497601
2011 Q1,NSWNthIn,2.5283720409
2011 Q2,NSWNthIn,3.0034454287
2011 Q3,NSWNthIn,2.9326568968
2011 Q4,NSWNthIn,2.8400028582
2012 Q1,NSWNthIn,2.8631534243
2012 Q2,NSWNthIn,3.3449713652
2012 Q3,NSWNthIn,2.8339606021
2012 Q4,NSWNthIn,3.2558814566
2013 Q1,NSWNthIn,3.4431752167
2013 Q2,NSWNthIn,2.9518076474
2013 Q3,NSWNthIn,2.8308045768000003
2013 Q4,NSWNthIn,2.6020722877
2014 Q1,NSWNthIn,2.5819996133
2014 Q2,NSWNthIn,2.868704147
2014 Q3,NSWNthIn,2.9480541309999997
2014 Q4,NSWNthIn,3.7548553579
2015 Q1,NSWNthIn,2.7188231247
2015 Q2,NSWNthIn,3.4451206745999996
2015 Q3,NSWNthIn,2.8776987027
2015 Q4,NSWNthIn,3.7760766923
2016 Q1,NSWNthIn,2.8713755134
2016 Q2,NSWNthIn,3.9284621830999997
2016 Q3,NSWNthIn,3.5144310073000002
2016 Q4,NSWNthIn,3.4907209024
1998 Q1,QLDMetro,12.106052376400001
1998 Q2,QLDMetro,7.7866866879
1998 Q3,QLDMetro,11.3800236162
1998 Q4,QLDMetro,9.311460271600001
1999 Q1,QLDMetro,12.6719415292
1999 Q2,QLDMetro,9.58296509
1999 Q3,QLDMetro,11.1929687486
1999 Q4,QLDMetro,9.8711082518
2000 Q1,QLDMetro,11.7098513463
2000 Q2,QLDMetro,9.357776527899999
2000 Q3,QLDMetro,11.363532836300001
2000 Q4,QLDMetro,9.9239230074000009
2001 Q1,QLDMetro,11.2810723911
2001 Q2,QLDMetro,8.8122947344
2001 Q3,QLDMetro,11.639739211
2001 Q4,QLDMetro,11.1720685765
2002 Q1,QLDMetro,12.2526131312
2002 Q2,QLDMetro,8.5563812608
2002 Q3,QLDMetro,11.3489670231
2002 Q4,QLDMetro,11.991550840899999
2003 Q1,QLDMetro,14.289795606
2003 Q2,QLDMetro,9.8952403005
2003 Q3,QLDMetro,11.39757768
2003 Q4,QLDMetro,11.1099624851
2004 Q1,QLDMetro,12.1238981096
2004 Q2,QLDMetro,9.3498661243
2004 Q3,QLDMetro,12.824609108
2004 Q4,QLDMetro,11.5820874808
2005 Q1,QLDMetro,13.5003660741
2005 Q2,QLDMetro,9.127889975599999
2005 Q3,QLDMetro,11.4318199174
2005 Q4,QLDMetro,10.2062294845
2006 Q1,QLDMetro,12.222344161
2006 Q2,QLDMetro,9.169504254
2006 Q3,QLDMetro,9.679279753000001
2006 Q4,QLDMetro,11.232030510000001
2007 Q1,QLDMetro,12.0331617852
2007 Q2,QLDMetro,10.4336488507
2007 Q3,QLDMetro,11.2534748995
2007 Q4,QLDMetro,10.8221469868
2008 Q1,QLDMetro,13.5271438943
2008 Q2,QLDMetro,8.6662277162
2008 Q3,QLDMetro,9.967416605099999
2008 Q4,QLDMetro,10.6249074287
2009 Q1,QLDMetro,11.2586390717
2009 Q2,QLDMetro,7.933405253799999
2009 Q3,QLDMetro,10.6574852247
2009 Q4,QLDMetro,9.6708478343
2010 Q1,QLDMetro,10.336859437400001
2010 Q2,QLDMetro,8.1776793834
2010 Q3,QLDMetro,10.732391716399999
2010 Q4,QLDMetro,10.955047539699999
2011 Q1,QLDMetro,9.0497876471
2011 Q2,QLDMetro,9.8875589982
2011 Q3,QLDMetro,10.1618153879
2011 Q4,QLDMetro,10.3470543127
2012 Q1,QLDMetro,10.9514023935
2012 Q2,QLDMetro,8.2517784478
2012 Q3,QLDMetro,10.1732886877
2012 Q4,QLDMetro,10.9065272803
2013 Q1,QLDMetro,12.156350614
2013 Q2,QLDMetro,7.8918499383
2013 Q3,QLDMetro,9.4860966561
2013 Q4,QLDMetro,10.6026013219
2014 Q1,QLDMetro,11.460220795
2014 Q2,QLDMetro,9.7860740077
2014 Q3,QLDMetro,10.0586381536
2014 Q4,QLDMetro,10.3152962172
2015 Q1,QLDMetro,11.5688238798
2015 Q2,QLDMetro,9.3378208152
2015 Q3,QLDMetro,10.740805761699999
2015 Q4,QLDMetro,10.3009249521
2016 Q1,QLDMetro,11.8751986164
2016 Q2,QLDMetro,9.0586980596
2016 Q3,QLDMetro,11.236115195799998
2016 Q4,QLDMetro,12.0577187158
1998 Q1,QLDCntrl,2.7483736889
1998 Q2,QLDCntrl,4.0409152564
1998 Q3,QLDCntrl,5.3439643467
1998 Q4,QLDCntrl,4.2604188782
1999 Q1,QLDCntrl,4.1861132625
1999 Q2,QLDCntrl,4.237806497599999
1999 Q3,QLDCntrl,6.414599372900001
1999 Q4,QLDCntrl,3.7104976825
2000 Q1,QLDCntrl,3.8001439657000002
2000 Q2,QLDCntrl,4.1828551827
2000 Q3,QLDCntrl,4.1730562468
2000 Q4,QLDCntrl,4.1922146610999995
2001 Q1,QLDCntrl,3.7811642539999997
2001 Q2,QLDCntrl,5.0615893165
2001 Q3,QLDCntrl,5.0863590537
2001 Q4,QLDCntrl,4.2172687927
2002 Q1,QLDCntrl,4.4052659453
2002 Q2,QLDCntrl,3.2626108187
2002 Q3,QLDCntrl,6.4932431975
2002 Q4,QLDCntrl,4.3577796769
2003 Q1,QLDCntrl,3.2593485406
2003 Q2,QLDCntrl,3.8104706952000003
2003 Q3,QLDCntrl,6.1078510184
2003 Q4,QLDCntrl,3.8735707216999997
2004 Q1,QLDCntrl,3.6996486118
2004 Q2,QLDCntrl,3.579116281
2004 Q3,QLDCntrl,6.6467322551
2004 Q4,QLDCntrl,4.2126999987
2005 Q1,QLDCntrl,3.7359891956999998
2005 Q2,QLDCntrl,3.6017791954
2005 Q3,QLDCntrl,5.066490206
2005 Q4,QLDCntrl,3.8828388331
2006 Q1,QLDCntrl,3.613018397
2006 Q2,QLDCntrl,4.190852023000001
2006 Q3,QLDCntrl,5.250045749
2006 Q4,QLDCntrl,4.750231230000001
2007 Q1,QLDCntrl,5.062771135199999
2007 Q2,QLDCntrl,4.1065546061
2007 Q3,QLDCntrl,5.4860125921
2007 Q4,QLDCntrl,4.209096871800001
2008 Q1,QLDCntrl,4.7145125325
2008 Q2,QLDCntrl,3.8877005296
2008 Q3,QLDCntrl,5.5390606045
2008 Q4,QLDCntrl,3.6570362086999997
2009 Q1,QLDCntrl,3.905549348
2009 Q2,QLDCntrl,4.0376314921
2009 Q3,QLDCntrl,5.9980907715
2009 Q4,QLDCntrl,4.5246470546
2010 Q1,QLDCntrl,4.1389835726
2010 Q2,QLDCntrl,4.2666190649999995
2010 Q3,QLDCntrl,5.7750707999
2010 Q4,QLDCntrl,4.0733044046
2011 Q1,QLDCntrl,1.9702613471
2011 Q2,QLDCntrl,4.351849689700001
2011 Q3,QLDCntrl,6.3180466404999995
2011 Q4,QLDCntrl,4.3221516439
2012 Q1,QLDCntrl,4.0922538539
2012 Q2,QLDCntrl,5.5054380872
2012 Q3,QLDCntrl,5.9642378694
2012 Q4,QLDCntrl,4.2896776631
2013 Q1,QLDCntrl,4.7044362991
2013 Q2,QLDCntrl,4.8895084135
2013 Q3,QLDCntrl,4.8260928952
2013 Q4,QLDCntrl,4.4379398146
2014 Q1,QLDCntrl,5.137368810300001
2014 Q2,QLDCntrl,5.076126199500001
2014 Q3,QLDCntrl,6.8259577958
2014 Q4,QLDCntrl,6.098198200900001
2015 Q1,QLDCntrl,4.2769234892000005
2015 Q2,QLDCntrl,5.5090706781
2015 Q3,QLDCntrl,6.155201069099999
2015 Q4,QLDCntrl,4.4499712748
2016 Q1,QLDCntrl,4.4982514889
2016 Q2,QLDCntrl,4.8675721560000005
2016 Q3,QLDCntrl,6.4340196023
2016 Q4,QLDCntrl,6.5725843278000005
1998 Q1,QLDNthCo,2.137234012
1998 Q2,QLDNthCo,2.2695956188
1998 Q3,QLDNthCo,4.8902270203
1998 Q4,QLDNthCo,2.6215481648
1999 Q1,QLDNthCo,2.4832025398
1999 Q2,QLDNthCo,3.3778304692
1999 Q3,QLDNthCo,5.5779590939
1999 Q4,QLDNthCo,4.279066329
2000 Q1,QLDNthCo,2.9098534748000002
2000 Q2,QLDNthCo,2.4153958177
2000 Q3,QLDNthCo,5.428681837899999
2000 Q4,QLDNthCo,3.7304053772000003
2001 Q1,QLDNthCo,2.1113658461
2001 Q2,QLDNthCo,2.8886206487
2001 Q3,QLDNthCo,4.4677462929
2001 Q4,QLDNthCo,3.8419496582000003
2002 Q1,QLDNthCo,2.4747317587
2002 Q2,QLDNthCo,2.4069786868
2002 Q3,QLDNthCo,4.7867548654
2002 Q4,QLDNthCo,3.011368126
2003 Q1,QLDNthCo,2.3729677404
2003 Q2,QLDNthCo,2.9110530931
2003 Q3,QLDNthCo,5.0082575939
2003 Q4,QLDNthCo,4.2534786365
2004 Q1,QLDNthCo,2.5422598498
2004 Q2,QLDNthCo,3.3648520899
2004 Q3,QLDNthCo,5.0869419829
2004 Q4,QLDNthCo,2.6475894478
2005 Q1,QLDNthCo,2.4535288694
2005 Q2,QLDNthCo,2.9553242052
2005 Q3,QLDNthCo,4.1536510059000005
2005 Q4,QLDNthCo,4.0067417434
2006 Q1,QLDNthCo,2.866898386
2006 Q2,QLDNthCo,3.22089729
2006 Q3,QLDNthCo,5.123943249
2006 Q4,QLDNthCo,3.816660325
2007 Q1,QLDNthCo,2.7727048891
2007 Q2,QLDNthCo,3.1840382414
2007 Q3,QLDNthCo,5.806754505300001
2007 Q4,QLDNthCo,3.2645779633000003
2008 Q1,QLDNthCo,2.6786997389
2008 Q2,QLDNthCo,2.9241867315
2008 Q3,QLDNthCo,4.3755458331999995
2008 Q4,QLDNthCo,3.2120297516000003
2009 Q1,QLDNthCo,1.6425976541
2009 Q2,QLDNthCo,3.0336558693
2009 Q3,QLDNthCo,5.5789341813
2009 Q4,QLDNthCo,3.0717756017
2010 Q1,QLDNthCo,2.4165701410000002
2010 Q2,QLDNthCo,3.3577681114
2010 Q3,QLDNthCo,5.2990373924
2010 Q4,QLDNthCo,2.8505861140000004
2011 Q1,QLDNthCo,1.7172060671
2011 Q2,QLDNthCo,2.8632825709
2011 Q3,QLDNthCo,5.9180922756
2011 Q4,QLDNthCo,3.2327509847
2012 Q1,QLDNthCo,3.1470741641
2012 Q2,QLDNthCo,2.7188368038
2012 Q3,QLDNthCo,4.7069951541999995
2012 Q4,QLDNthCo,3.434604438
2013 Q1,QLDNthCo,2.5452112893
2013 Q2,QLDNthCo,3.3346736043000003
2013 Q3,QLDNthCo,5.3968002987
2013 Q4,QLDNthCo,3.1318446656
2014 Q1,QLDNthCo,2.6769029209
2014 Q2,QLDNthCo,3.5503413148
2014 Q3,QLDNthCo,5.300409968
2014 Q4,QLDNthCo,3.4076647626
2015 Q1,QLDNthCo,2.5031410376
2015 Q2,QLDNthCo,3.6392172628
2015 Q3,QLDNthCo,6.5302972789
2015 Q4,QLDNthCo,3.6378818689999997
2016 Q1,QLDNthCo,3.1277800912
2016 Q2,QLDNthCo,3.6588001924999998
2016 Q3,QLDNthCo,5.359851445
2016 Q4,QLDNthCo,3.3027155416
1998 Q1,SAUMetro,2.8813717865
1998 Q2,SAUMetro,2.1247355768
1998 Q3,SAUMetro,2.2848702355999997
1998 Q4,SAUMetro,1.7858889682999999
1999 Q1,SAUMetro,2.2938725881
1999 Q2,SAUMetro,2.1974181672
1999 Q3,SAUMetro,2.0335130797
1999 Q4,SAUMetro,2.2526205439
2000 Q1,SAUMetro,3.1997961812
2000 Q2,SAUMetro,1.9672847841
2000 Q3,SAUMetro,1.9744315724000001
2000 Q4,SAUMetro,2.3790255949000003
2001 Q1,SAUMetro,2.4989233949
2001 Q2,SAUMetro,1.8306939182000002
2001 Q3,SAUMetro,2.0940400926000002
2001 Q4,SAUMetro,2.2269332914
2002 Q1,SAUMetro,2.4612310966999997
2002 Q2,SAUMetro,2.4217140742
2002 Q3,SAUMetro,2.3941832924
2002 Q4,SAUMetro,2.1827575687
2003 Q1,SAUMetro,2.4540078014
2003 Q2,SAUMetro,2.1123468784000003
2003 Q3,SAUMetro,2.3589654375
2003 Q4,SAUMetro,1.9007791821
2004 Q1,SAUMetro,3.1015847668000003
2004 Q2,SAUMetro,2.1405193900999997
2004 Q3,SAUMetro,2.3406598752999996
2004 Q4,SAUMetro,2.4759909884
2005 Q1,SAUMetro,2.6590879519999997
2005 Q2,SAUMetro,1.5718968179000001
2005 Q3,SAUMetro,1.7953915425
2005 Q4,SAUMetro,1.9550696319
2006 Q1,SAUMetro,2.357490129
2006 Q2,SAUMetro,2.346290776
2006 Q3,SAUMetro,1.627112744
2006 Q4,SAUMetro,2.146111749
2007 Q1,SAUMetro,2.7636482137
2007 Q2,SAUMetro,2.0788172285999997
2007 Q3,SAUMetro,2.0798653284000004
2007 Q4,SAUMetro,2.2094903115
2008 Q1,SAUMetro,2.5258234379999998
2008 Q2,SAUMetro,1.8994823258
2008 Q3,SAUMetro,1.9493524506000002
2008 Q4,SAUMetro,2.1920292187999997
2009 Q1,SAUMetro,2.3132906937
2009 Q2,SAUMetro,1.6302197627000001
2009 Q3,SAUMetro,2.1192144224
2009 Q4,SAUMetro,2.4265989367
2010 Q1,SAUMetro,1.9216833721
2010 Q2,SAUMetro,2.2441489191999997
2010 Q3,SAUMetro,1.54329843
2010 Q4,SAUMetro,2.0832256507
2011 Q1,SAUMetro,2.2938171063999997
2011 Q2,SAUMetro,1.9819774703000002
2011 Q3,SAUMetro,1.7860945116
2011 Q4,SAUMetro,1.9516519009000002
2012 Q1,SAUMetro,2.1649436143
2012 Q2,SAUMetro,1.7612945827000002
2012 Q3,SAUMetro,1.9432002044
2012 Q4,SAUMetro,2.1339447602
2013 Q1,SAUMetro,2.2791295318
2013 Q2,SAUMetro,1.809868428
2013 Q3,SAUMetro,1.6321978038
2013 Q4,SAUMetro,3.3026843771
2014 Q1,SAUMetro,2.557107553
2014 Q2,SAUMetro,2.1611208698
2014 Q3,SAUMetro,1.8282115561
2014 Q4,SAUMetro,2.3085259777
2015 Q1,SAUMetro,2.6392724573
2015 Q2,SAUMetro,1.7483065327
2015 Q3,SAUMetro,1.9111437617
2015 Q4,SAUMetro,2.3831066773
2016 Q1,SAUMetro,2.8744140865
2016 Q2,SAUMetro,2.0759672776
2016 Q3,SAUMetro,2.1216461157
2016 Q4,SAUMetro,2.4072327669
1998 Q1,SAUCoast,2.5919972177
1998 Q2,SAUCoast,1.3757801276000001
1998 Q3,SAUCoast,1.0795415418
1998 Q4,SAUCoast,1.4976639508999998
1999 Q1,SAUCoast,2.2476839524
1999 Q2,SAUCoast,1.6728022587
1999 Q3,SAUCoast,1.1047027992
1999 Q4,SAUCoast,1.5032421182
2000 Q1,SAUCoast,2.480801194
2000 Q2,SAUCoast,1.8924877914
2000 Q3,SAUCoast,1.1963883209000001
2000 Q4,SAUCoast,1.3080822567000001
2001 Q1,SAUCoast,2.3862271041
2001 Q2,SAUCoast,1.5644546732
2001 Q3,SAUCoast,1.0327246171
2001 Q4,SAUCoast,1.5327468436
2002 Q1,SAUCoast,2.2111094163
2002 Q2,SAUCoast,1.6012054433
2002 Q3,SAUCoast,1.1737385401
2002 Q4,SAUCoast,1.6643548311
2003 Q1,SAUCoast,2.8418903076
2003 Q2,SAUCoast,1.8943733663
2003 Q3,SAUCoast,1.3393934694
2003 Q4,SAUCoast,1.6366452765
2004 Q1,SAUCoast,2.6936061624
2004 Q2,SAUCoast,1.8188771814
2004 Q3,SAUCoast,1.1386336537
2004 Q4,SAUCoast,1.4923496293
2005 Q1,SAUCoast,2.3536182537999997
2005 Q2,SAUCoast,1.3745514397
2005 Q3,SAUCoast,1.0843482601999999
2005 Q4,SAUCoast,1.5688788571
2006 Q1,SAUCoast,2.6543833
2006 Q2,SAUCoast,1.5585519810000001
2006 Q3,SAUCoast,1.001420056
2006 Q4,SAUCoast,1.768249212
2007 Q1,SAUCoast,2.5693175443
2007 Q2,SAUCoast,1.3302513529
2007 Q3,SAUCoast,1.1383203803
2007 Q4,SAUCoast,1.4922582075
2008 Q1,SAUCoast,2.7863878174
2008 Q2,SAUCoast,1.3664625192000002
2008 Q3,SAUCoast,1.0167607158
2008 Q4,SAUCoast,1.771156892
2009 Q1,SAUCoast,2.3726780020000002
2009 Q2,SAUCoast,1.5327089
2009 Q3,SAUCoast,0.9724561535
2009 Q4,SAUCoast,1.5384313319
2010 Q1,SAUCoast,2.0743046227
2010 Q2,SAUCoast,1.3947380005
2010 Q3,SAUCoast,1.0272844439
2010 Q4,SAUCoast,1.447941184
2011 Q1,SAUCoast,2.622378722
2011 Q2,SAUCoast,1.8777347596
2011 Q3,SAUCoast,1.3886470194
2011 Q4,SAUCoast,1.4941433565
2012 Q1,SAUCoast,2.5881959087
2012 Q2,SAUCoast,1.5263121216
2012 Q3,SAUCoast,1.0553197861
2012 Q4,SAUCoast,1.635977608
2013 Q1,SAUCoast,2.2328461128
2013 Q2,SAUCoast,1.8025202373
2013 Q3,SAUCoast,1.1193468206
2013 Q4,SAUCoast,1.6537781761
2014 Q1,SAUCoast,2.2182737712
2014 Q2,SAUCoast,1.4235994616
2014 Q3,SAUCoast,1.1536186015
2014 Q4,SAUCoast,1.6091248117
2015 Q1,SAUCoast,3.0370889368
2015 Q2,SAUCoast,1.4905277972
2015 Q3,SAUCoast,0.9965879552
2015 Q4,SAUCoast,1.9727532768
2016 Q1,SAUCoast,2.8602671331000002
2016 Q2,SAUCoast,1.680253613
2016 Q3,SAUCoast,1.554084728
2016 Q4,SAUCoast,1.7051532088999999
1998 Q1,SAUInner,0.8948772937999999
1998 Q2,SAUInner,0.9792508843000001
1998 Q3,SAUInner,0.9803288525
1998 Q4,SAUInner,1.5094342641
1999 Q1,SAUInner,0.9635226619999999
1999 Q2,SAUInner,0.9968803354
1999 Q3,SAUInner,1.0576872317
1999 Q4,SAUInner,0.7705422248
2000 Q1,SAUInner,1.0666867119
2000 Q2,SAUInner,0.7516705472
2000 Q3,SAUInner,1.6079280233
2000 Q4,SAUInner,1.0255240299
2001 Q1,SAUInner,0.9742663082
2001 Q2,SAUInner,1.1099215033999998
2001 Q3,SAUInner,1.0319446539000001
2001 Q4,SAUInner,0.9884082618
2002 Q1,SAUInner,0.6846369189
2002 Q2,SAUInner,0.8437066734
2002 Q3,SAUInner,1.2871040369
2002 Q4,SAUInner,1.1469908032
2003 Q1,SAUInner,0.8813219876
2003 Q2,SAUInner,1.1339967772
2003 Q3,SAUInner,1.0948032099
2003 Q4,SAUInner,1.2239517102
2004 Q1,SAUInner,1.161327085
2004 Q2,SAUInner,1.0678791109999999
2004 Q3,SAUInner,1.004223647
2004 Q4,SAUInner,1.0501894629000001
2005 Q1,SAUInner,0.9715793443
2005 Q2,SAUInner,0.9403906213000001
2005 Q3,SAUInner,1.0558621364999998
2005 Q4,SAUInner,0.9410504128
2006 Q1,SAUInner,0.82928106
2006 Q2,SAUInner,1.1140193090000001
2006 Q3,SAUInner,0.861313838
2006 Q4,SAUInner,0.885756242
2007 Q1,SAUInner,0.771905614
2007 Q2,SAUInner,1.0851969819
2007 Q3,SAUInner,0.9284703968
2007 Q4,SAUInner,0.9541559366
2008 Q1,SAUInner,0.8002541523
2008 Q2,SAUInner,0.8339414825
2008 Q3,SAUInner,0.9191730508
2008 Q4,SAUInner,0.9654733002
2009 Q1,SAUInner,0.7733388472
2009 Q2,SAUInner,0.9455687492
2009 Q3,SAUInner,1.2093744315
2009 Q4,SAUInner,0.9163369066
2010 Q1,SAUInner,0.7368271848000001
2010 Q2,SAUInner,0.926116951
2010 Q3,SAUInner,1.0632779961999999
2010 Q4,SAUInner,0.8839368224999999
2011 Q1,SAUInner,0.7757580798
2011 Q2,SAUInner,0.8852613462000001
2011 Q3,SAUInner,1.1310114610000002
2011 Q4,SAUInner,0.8855229364
2012 Q1,SAUInner,1.1166904743
2012 Q2,SAUInner,0.8726993864999999
2012 Q3,SAUInner,0.8871992951
2012 Q4,SAUInner,1.0126321826
2013 Q1,SAUInner,1.0461503814
2013 Q2,SAUInner,0.9698515880999999
2013 Q3,SAUInner,0.7130095938
2013 Q4,SAUInner,0.7624615494
2014 Q1,SAUInner,1.0482757201
2014 Q2,SAUInner,1.0508401016
2014 Q3,SAUInner,1.3020321128
2014 Q4,SAUInner,1.3250646137000002
2015 Q1,SAUInner,1.1645543755999999
2015 Q2,SAUInner,1.1649067673
2015 Q3,SAUInner,1.0210520592
2015 Q4,SAUInner,1.2512835979999999
2016 Q1,SAUInner,1.1136515436
2016 Q2,SAUInner,1.4646183216
2016 Q3,SAUInner,1.335487584
2016 Q4,SAUInner,0.9250705044
1998 Q1,VICMetro,7.4903816491
1998 Q2,VICMetro,5.1981780817
1998 Q3,VICMetro,5.244217362700001
1998 Q4,VICMetro,6.2742456066
1999 Q1,VICMetro,9.1874215532
1999 Q2,VICMetro,4.9923029263
1999 Q3,VICMetro,4.746482733900001
1999 Q4,VICMetro,4.6845318681
2000 Q1,VICMetro,8.4490467642
2000 Q2,VICMetro,5.3917241444
2000 Q3,VICMetro,4.9218120105
2000 Q4,VICMetro,5.8841526044000005
2001 Q1,VICMetro,8.8942672623
2001 Q2,VICMetro,5.7244318264
2001 Q3,VICMetro,5.5620257163
2001 Q4,VICMetro,6.8072516185000005
2002 Q1,VICMetro,7.903871061799999
2002 Q2,VICMetro,4.7354407689
2002 Q3,VICMetro,5.8154555289
2002 Q4,VICMetro,6.731290958700001
2003 Q1,VICMetro,7.9530030108
2003 Q2,VICMetro,6.0196864828
2003 Q3,VICMetro,4.8850576293
2003 Q4,VICMetro,6.2037787835
2004 Q1,VICMetro,7.4137828275
2004 Q2,VICMetro,6.1458299721000005
2004 Q3,VICMetro,5.2436633474
2004 Q4,VICMetro,5.2387215806
2005 Q1,VICMetro,8.138376406899999
2005 Q2,VICMetro,4.7608717415
2005 Q3,VICMetro,4.9735355044
2005 Q4,VICMetro,5.368762047000001
2006 Q1,VICMetro,8.366101452
2006 Q2,VICMetro,6.326707955
2006 Q3,VICMetro,4.796727981
2006 Q4,VICMetro,5.831785407
2007 Q1,VICMetro,8.0540668869
2007 Q2,VICMetro,5.4941244118000006
2007 Q3,VICMetro,5.5233424761
2007 Q4,VICMetro,6.4552982218
2008 Q1,VICMetro,8.5046053334
2008 Q2,VICMetro,5.4466805953
2008 Q3,VICMetro,5.8571312938
2008 Q4,VICMetro,6.313262899000001
2009 Q1,VICMetro,7.3055828849
2009 Q2,VICMetro,5.4229384086
2009 Q3,VICMetro,5.5893366667
2009 Q4,VICMetro,6.0732246493
2010 Q1,VICMetro,7.6248810534
2010 Q2,VICMetro,5.670402393600001
2010 Q3,VICMetro,5.5824627485
2010 Q4,VICMetro,5.6142808969999995
2011 Q1,VICMetro,7.5340390908
2011 Q2,VICMetro,5.6731314744
2011 Q3,VICMetro,5.7212934123
2011 Q4,VICMetro,5.8999709199999995
2012 Q1,VICMetro,7.9004622508
2012 Q2,VICMetro,5.8823337824
2012 Q3,VICMetro,5.8975357197000005
2012 Q4,VICMetro,6.7716958080000005
2013 Q1,VICMetro,8.3618541513
2013 Q2,VICMetro,5.8550430495
2013 Q3,VICMetro,5.5804520644
2013 Q4,VICMetro,6.5041519158000005
2014 Q1,VICMetro,9.4423146154
2014 Q2,VICMetro,6.608252144
2014 Q3,VICMetro,6.2707602737
2014 Q4,VICMetro,7.5487388094
2015 Q1,VICMetro,9.733087335
2015 Q2,VICMetro,6.6455387879
2015 Q3,VICMetro,6.545235691799999
2015 Q4,VICMetro,7.724151417400001
2016 Q1,VICMetro,9.9722745804
2016 Q2,VICMetro,7.1842413567
2016 Q3,VICMetro,6.909728314300001
2016 Q4,VICMetro,8.0121609597
1998 Q1,VICWstCo,2.4420048133
1998 Q2,VICWstCo,0.9605047034
1998 Q3,VICWstCo,0.7559743799
1998 Q4,VICWstCo,1.2716039696
1999 Q1,VICWstCo,2.385058308
1999 Q2,VICWstCo,1.328863781
1999 Q3,VICWstCo,0.7588587432
1999 Q4,VICWstCo,0.942279427
2000 Q1,VICWstCo,2.2271103883
2000 Q2,VICWstCo,1.0137119517
2000 Q3,VICWstCo,0.7175116951999999
2000 Q4,VICWstCo,1.1046217627000001
2001 Q1,VICWstCo,2.354467896
2001 Q2,VICWstCo,1.0716824168999999
2001 Q3,VICWstCo,0.7110843791
2001 Q4,VICWstCo,0.8922900678
2002 Q1,VICWstCo,2.0967921963
2002 Q2,VICWstCo,1.2323374249999999
2002 Q3,VICWstCo,0.8790911113
2002 Q4,VICWstCo,1.107588413
2003 Q1,VICWstCo,2.0271965726000003
2003 Q2,VICWstCo,1.1907985048999998
2003 Q3,VICWstCo,0.8437204299
2003 Q4,VICWstCo,0.9429980216
2004 Q1,VICWstCo,2.2690907213
2004 Q2,VICWstCo,1.0310606654999999
2004 Q3,VICWstCo,0.5997418330000001
2004 Q4,VICWstCo,0.9888178645000001
2005 Q1,VICWstCo,2.316205868
2005 Q2,VICWstCo,0.6988662581
2005 Q3,VICWstCo,0.6452811928
2005 Q4,VICWstCo,0.789506934
2006 Q1,VICWstCo,2.2123499470000003
2006 Q2,VICWstCo,0.9096854489999999
2006 Q3,VICWstCo,0.51402346
2006 Q4,VICWstCo,1.073973369
2007 Q1,VICWstCo,2.6002859300999996
2007 Q2,VICWstCo,0.9654698836
2007 Q3,VICWstCo,0.7617754691
2007 Q4,VICWstCo,1.1263850451000001
2008 Q1,VICWstCo,2.3545125412
2008 Q2,VICWstCo,0.7851332321
2008 Q3,VICWstCo,0.6036331667
2008 Q4,VICWstCo,0.8364067185999999
2009 Q1,VICWstCo,1.9461846702
2009 Q2,VICWstCo,0.9393758636999999
2009 Q3,VICWstCo,0.7764500296
2009 Q4,VICWstCo,1.0403496263
2010 Q1,VICWstCo,2.0472121039
2010 Q2,VICWstCo,0.8921434491
2010 Q3,VICWstCo,0.7755113437
2010 Q4,VICWstCo,0.8205859261
2011 Q1,VICWstCo,2.0768116261
2011 Q2,VICWstCo,0.9833752133
2011 Q3,VICWstCo,0.6992251689
2011 Q4,VICWstCo,1.0046922536
2012 Q1,VICWstCo,2.2867597546000002
2012 Q2,VICWstCo,0.860406707
2012 Q3,VICWstCo,0.5831127889000001
2012 Q4,VICWstCo,0.977865008
2013 Q1,VICWstCo,2.1284049181999998
2013 Q2,VICWstCo,0.996515681
2013 Q3,VICWstCo,0.7603728129999999
2013 Q4,VICWstCo,1.4995756399
2014 Q1,VICWstCo,2.9651587184
2014 Q2,VICWstCo,1.5604912546
2014 Q3,VICWstCo,0.6687500326000001
2014 Q4,VICWstCo,1.1157566096
2015 Q1,VICWstCo,2.9694934608
2015 Q2,VICWstCo,1.0927423473
2015 Q3,VICWstCo,0.8112796938
2015 Q4,VICWstCo,1.5260333636
2016 Q1,VICWstCo,2.4951023163
2016 Q2,VICWstCo,0.9304271197
2016 Q3,VICWstCo,0.9411217504
2016 Q4,VICWstCo,1.3520851737000001
1998 Q1,VICEstCo,3.3819721825
1998 Q2,VICEstCo,1.8279401001000002
1998 Q3,VICEstCo,1.3519521199
1998 Q4,VICEstCo,1.4934147962
1999 Q1,VICEstCo,2.8969288926
1999 Q2,VICEstCo,1.5479014299
1999 Q3,VICEstCo,0.9140969917
1999 Q4,VICEstCo,1.3416071775
2000 Q1,VICEstCo,2.6818754616000002
2000 Q2,VICEstCo,1.4295228567
2000 Q3,VICEstCo,1.1963614500000002
2000 Q4,VICEstCo,1.8069715306
2001 Q1,VICEstCo,2.7279212213
2001 Q2,VICEstCo,1.3704441794
2001 Q3,VICEstCo,1.2424390688
2001 Q4,VICEstCo,1.3825742178
2002 Q1,VICEstCo,2.8917124138
2002 Q2,VICEstCo,1.8148167389
2002 Q3,VICEstCo,0.9761707142
2002 Q4,VICEstCo,1.7994383847
2003 Q1,VICEstCo,2.668525957
2003 Q2,VICEstCo,1.5894159182
2003 Q3,VICEstCo,1.1879482138000002
2003 Q4,VICEstCo,1.6045466331
2004 Q1,VICEstCo,3.0030459446
2004 Q2,VICEstCo,1.4844476199
2004 Q3,VICEstCo,1.1258214733
2004 Q4,VICEstCo,1.6126862853
2005 Q1,VICEstCo,3.1776492210000002
2005 Q2,VICEstCo,1.2752137231
2005 Q3,VICEstCo,1.061391452
2005 Q4,VICEstCo,1.334932521
2006 Q1,VICEstCo,2.845767969
2006 Q2,VICEstCo,1.456848671
2006 Q3,VICEstCo,1.166798918
2006 Q4,VICEstCo,1.312705491
2007 Q1,VICEstCo,2.9325115804000004
2007 Q2,VICEstCo,1.5070241071000001
2007 Q3,VICEstCo,0.9718586745
2007 Q4,VICEstCo,1.4248895204
2008 Q1,VICEstCo,3.4011043923
2008 Q2,VICEstCo,1.193367518
2008 Q3,VICEstCo,0.8486968882
2008 Q4,VICEstCo,1.5929815808
2009 Q1,VICEstCo,2.3149251817999996
2009 Q2,VICEstCo,1.3063156163
2009 Q3,VICEstCo,1.123994631
2009 Q4,VICEstCo,1.5776392243
2010 Q1,VICEstCo,2.7609263709
2010 Q2,VICEstCo,1.4055178538
2010 Q3,VICEstCo,0.8756742151
2010 Q4,VICEstCo,1.658060508
2011 Q1,VICEstCo,2.6992360432
2011 Q2,VICEstCo,1.5497528348
2011 Q3,VICEstCo,0.9983042154
2011 Q4,VICEstCo,1.4770890471
2012 Q1,VICEstCo,2.5841408919999997
2012 Q2,VICEstCo,1.3480316665
2012 Q3,VICEstCo,1.7668744452
2012 Q4,VICEstCo,1.5170148644
2013 Q1,VICEstCo,3.0664303239
2013 Q2,VICEstCo,1.5946615495
2013 Q3,VICEstCo,1.0131951127
2013 Q4,VICEstCo,1.6571576914
2014 Q1,VICEstCo,3.2785985935
2014 Q2,VICEstCo,1.6142637677
2014 Q3,VICEstCo,0.8953776847
2014 Q4,VICEstCo,1.4627816063
2015 Q1,VICEstCo,2.8098412345000003
2015 Q2,VICEstCo,1.8441019932
2015 Q3,VICEstCo,1.1358061751
2015 Q4,VICEstCo,1.8311881524999998
2016 Q1,VICEstCo,3.2038931103999997
2016 Q2,VICEstCo,1.2493981281
2016 Q3,VICEstCo,0.9678755452000001
2016 Q4,VICEstCo,1.7666326615
1998 Q1,VICInner,5.3266551369999995
1998 Q2,VICInner,4.441118574400001
1998 Q3,VICInner,3.8156453017
1998 Q4,VICInner,3.8595671450999998
1999 Q1,VICInner,4.5887552091999995
1999 Q2,VICInner,4.0704005402
1999 Q3,VICInner,4.1144887568
1999 Q4,VICInner,3.7233631147
2000 Q1,VICInner,4.9580029594
2000 Q2,VICInner,4.1864977467
2000 Q3,VICInner,3.765293375
2000 Q4,VICInner,3.8272408015
2001 Q1,VICInner,4.6101996119
2001 Q2,VICInner,3.9396839358
2001 Q3,VICInner,3.927555112
2001 Q4,VICInner,3.893688142
2002 Q1,VICInner,5.550154274800001
2002 Q2,VICInner,4.1006518302
2002 Q3,VICInner,4.143904092800001
2002 Q4,VICInner,4.1904394080000005
2003 Q1,VICInner,4.6166697196
2003 Q2,VICInner,4.5805582663
2003 Q3,VICInner,4.2455651397
2003 Q4,VICInner,3.915378095
2004 Q1,VICInner,5.4662240017000006
2004 Q2,VICInner,4.9165123535
2004 Q3,VICInner,4.0124375454
2004 Q4,VICInner,3.9461566091
2005 Q1,VICInner,4.9279136899
2005 Q2,VICInner,3.8206774485
2005 Q3,VICInner,3.5740852766
2005 Q4,VICInner,3.9637146716
2006 Q1,VICInner,4.718717923
2006 Q2,VICInner,4.251093394000001
2006 Q3,VICInner,3.766511188
2006 Q4,VICInner,3.941025137
2007 Q1,VICInner,5.227316505099999
2007 Q2,VICInner,3.8116732035
2007 Q3,VICInner,3.2695879289
2007 Q4,VICInner,3.6594172376
2008 Q1,VICInner,4.6786005946
2008 Q2,VICInner,3.6501838064
2008 Q3,VICInner,3.677605078
2008 Q4,VICInner,3.4270306845
2009 Q1,VICInner,4.1125299253000005
2009 Q2,VICInner,3.8214941376000002
2009 Q3,VICInner,3.6679441467
2009 Q4,VICInner,3.5224637652
2010 Q1,VICInner,4.1958040465
2010 Q2,VICInner,3.8206106894
2010 Q3,VICInner,3.6206310377
2010 Q4,VICInner,3.7902203275
2011 Q1,VICInner,4.7645294731000005
2011 Q2,VICInner,4.0901067487
2011 Q3,VICInner,4.5000347893
2011 Q4,VICInner,3.7252548908
2012 Q1,VICInner,5.1293572547
2012 Q2,VICInner,3.991418174
2012 Q3,VICInner,3.6058550547999997
2012 Q4,VICInner,4.6703472668
2013 Q1,VICInner,4.332011382599999
2013 Q2,VICInner,3.9730049655
2013 Q3,VICInner,3.3369196711
2013 Q4,VICInner,4.2790824213
2014 Q1,VICInner,4.909336136099999
2014 Q2,VICInner,4.8129091839000004
2014 Q3,VICInner,4.6349782213
2014 Q4,VICInner,4.919987781
2015 Q1,VICInner,4.8949076072999995
2015 Q2,VICInner,4.5070246966
2015 Q3,VICInner,4.569014423
2015 Q4,VICInner,4.584000387400001
2016 Q1,VICInner,5.7625698992
2016 Q2,VICInner,4.3827051571
2016 Q3,VICInner,4.2859105748
2016 Q4,VICInner,4.9551384063
1998 Q1,WAUMetro,3.0757789409000003
1998 Q2,WAUMetro,2.1549288137
1998 Q3,WAUMetro,2.7872861739
1998 Q4,WAUMetro,2.7529098414999997
1999 Q1,WAUMetro,3.5195643742000002
1999 Q2,WAUMetro,3.1604296819
1999 Q3,WAUMetro,2.7077264934
1999 Q4,WAUMetro,2.2940648968999997
2000 Q1,WAUMetro,3.6069880899999998
2000 Q2,WAUMetro,2.8123064426999997
2000 Q3,WAUMetro,1.8359131918
2000 Q4,WAUMetro,3.2947109566
2001 Q1,WAUMetro,2.7339892031999997
2001 Q2,WAUMetro,2.5988650549
2001 Q3,WAUMetro,2.5202678396000002
2001 Q4,WAUMetro,2.8531964079999996
2002 Q1,WAUMetro,3.7069241064
2002 Q2,WAUMetro,2.308934756
2002 Q3,WAUMetro,2.3815295529
2002 Q4,WAUMetro,2.5104062253
2003 Q1,WAUMetro,3.1464837923999998
2003 Q2,WAUMetro,2.3482007333
2003 Q3,WAUMetro,2.3931097567000004
2003 Q4,WAUMetro,2.5479275124000003
2004 Q1,WAUMetro,3.1796094892999998
2004 Q2,WAUMetro,2.7334888266
2004 Q3,WAUMetro,2.7315464814
2004 Q4,WAUMetro,2.7668098393
2005 Q1,WAUMetro,2.813305752
2005 Q2,WAUMetro,2.9387450115
2005 Q3,WAUMetro,2.8181855918000003
2005 Q4,WAUMetro,2.7616262655
2006 Q1,WAUMetro,2.9168673910000003
2006 Q2,WAUMetro,2.5888643940000002
2006 Q3,WAUMetro,2.6518677659999996
2006 Q4,WAUMetro,3.20947291
2007 Q1,WAUMetro,3.2048003764999997
2007 Q2,WAUMetro,3.0151241791000003
2007 Q3,WAUMetro,2.5385655931
2007 Q4,WAUMetro,3.027298424
2008 Q1,WAUMetro,3.1446011443
2008 Q2,WAUMetro,2.3938547779
2008 Q3,WAUMetro,3.0132921225000002
2008 Q4,WAUMetro,2.6238939215999997
2009 Q1,WAUMetro,2.8205755103000003
2009 Q2,WAUMetro,2.2602473174
2009 Q3,WAUMetro,1.7974122531999999
2009 Q4,WAUMetro,2.3923103594
2010 Q1,WAUMetro,2.6322794905999998
2010 Q2,WAUMetro,2.2556187091
2010 Q3,WAUMetro,2.0171642653
2010 Q4,WAUMetro,2.5228625529
2011 Q1,WAUMetro,2.4540727321999998
2011 Q2,WAUMetro,2.3175432311999997
2011 Q3,WAUMetro,2.2780872077
2011 Q4,WAUMetro,2.9686083857
2012 Q1,WAUMetro,3.0020788243000003
2012 Q2,WAUMetro,2.1426140365
2012 Q3,WAUMetro,2.3509394771000003
2012 Q4,WAUMetro,2.6742642886
2013 Q1,WAUMetro,3.4195433398
2013 Q2,WAUMetro,3.1575234904
2013 Q3,WAUMetro,2.7078742097
2013 Q4,WAUMetro,2.7154976412000003
2014 Q1,WAUMetro,3.4122052251999997
2014 Q2,WAUMetro,2.8348589842000003
2014 Q3,WAUMetro,2.5386166969
2014 Q4,WAUMetro,2.3635834435
2015 Q1,WAUMetro,3.5275441456
2015 Q2,WAUMetro,3.3045286323
2015 Q3,WAUMetro,2.9222965662
2015 Q4,WAUMetro,3.640982738
2016 Q1,WAUMetro,4.169989922699999
2016 Q2,WAUMetro,3.2629238284
2016 Q3,WAUMetro,2.8379977386
2016 Q4,WAUMetro,3.36765926
1998 Q1,WAUCoast,3.0665550699
1998 Q2,WAUCoast,3.3344054076000003
1998 Q3,WAUCoast,4.3658440909000005
1998 Q4,WAUCoast,4.5219957285
1999 Q1,WAUCoast,3.5793465925
1999 Q2,WAUCoast,3.4085328827
1999 Q3,WAUCoast,3.9793141922
1999 Q4,WAUCoast,3.3646815416
2000 Q1,WAUCoast,3.7285020046999997
2000 Q2,WAUCoast,3.3407954134
2000 Q3,WAUCoast,3.7554498145
2000 Q4,WAUCoast,2.9069490816
2001 Q1,WAUCoast,2.7372048847
2001 Q2,WAUCoast,3.6336536662
2001 Q3,WAUCoast,3.5504968837
2001 Q4,WAUCoast,3.9333199172
2002 Q1,WAUCoast,3.8152831429
2002 Q2,WAUCoast,3.2171023699
2002 Q3,WAUCoast,3.9265137976
2002 Q4,WAUCoast,3.6968019118
2003 Q1,WAUCoast,3.550069562
2003 Q2,WAUCoast,3.0759723876
2003 Q3,WAUCoast,4.703073692699999
2003 Q4,WAUCoast,3.6632871714
2004 Q1,WAUCoast,3.8663428069
2004 Q2,WAUCoast,3.0230775283
2004 Q3,WAUCoast,5.0130585449
2004 Q4,WAUCoast,4.355119639
2005 Q1,WAUCoast,3.7786031438
2005 Q2,WAUCoast,3.2179649636
2005 Q3,WAUCoast,3.7879992537
2005 Q4,WAUCoast,3.3444041686
2006 Q1,WAUCoast,3.43966828
2006 Q2,WAUCoast,3.586984645
2006 Q3,WAUCoast,4.351379475
2006 Q4,WAUCoast,4.044414319
2007 Q1,WAUCoast,4.1696921351
2007 Q2,WAUCoast,4.248148557
2007 Q3,WAUCoast,5.3155838864
2007 Q4,WAUCoast,3.8564695037
2008 Q1,WAUCoast,3.6894825565000002
2008 Q2,WAUCoast,3.0413864773
2008 Q3,WAUCoast,4.5488599672
2008 Q4,WAUCoast,2.6933222182999996
2009 Q1,WAUCoast,3.0656401756
2009 Q2,WAUCoast,2.6495068471999996
2009 Q3,WAUCoast,3.4252737932999997
2009 Q4,WAUCoast,2.3503463585
2010 Q1,WAUCoast,2.9517808613
2010 Q2,WAUCoast,2.6116532521
2010 Q3,WAUCoast,4.1739777315
2010 Q4,WAUCoast,3.0710419743000004
2011 Q1,WAUCoast,3.2403937287
2011 Q2,WAUCoast,2.9797810737
2011 Q3,WAUCoast,3.5969949627
2011 Q4,WAUCoast,3.2722376014
2012 Q1,WAUCoast,3.6545253908
2012 Q2,WAUCoast,3.5781851124
2012 Q3,WAUCoast,3.4664731113
2012 Q4,WAUCoast,4.108337005499999
2013 Q1,WAUCoast,3.8766691359000003
2013 Q2,WAUCoast,3.4951681052
2013 Q3,WAUCoast,4.3889336022
2013 Q4,WAUCoast,3.4673038305
2014 Q1,WAUCoast,5.6304032183
2014 Q2,WAUCoast,5.270482068500001
2014 Q3,WAUCoast,5.2594199297
2014 Q4,WAUCoast,5.6206029132
2015 Q1,WAUCoast,5.4971293955
2015 Q2,WAUCoast,5.2198039466
2015 Q3,WAUCoast,6.3476132432000005
2015 Q4,WAUCoast,6.1746180051
2016 Q1,WAUCoast,6.7385857132
2016 Q2,WAUCoast,5.9374790603
2016 Q3,WAUCoast,6.0658077892
2016 Q4,WAUCoast,5.9838700526
1998 Q1,WAUInner,0.6949953721000001
1998 Q2,WAUInner,0.557679575
1998 Q3,WAUInner,1.0061844166
1998 Q4,WAUInner,1.1725514470999998
1999 Q1,WAUInner,0.3981829092
1999 Q2,WAUInner,0.5960181615
1999 Q3,WAUInner,0.9514561603
1999 Q4,WAUInner,0.8324045797
2000 Q1,WAUInner,0.5481368318
2000 Q2,WAUInner,0.6126219374999999
2000 Q3,WAUInner,0.6568117344
2000 Q4,WAUInner,1.0925981758
2001 Q1,WAUInner,0.7301630741
2001 Q2,WAUInner,0.5994801068000001
2001 Q3,WAUInner,0.8604461721
2001 Q4,WAUInner,1.0063038818
2002 Q1,WAUInner,1.0006523127
2002 Q2,WAUInner,1.0988115619
2002 Q3,WAUInner,0.7976716895
2002 Q4,WAUInner,0.7382546088
2003 Q1,WAUInner,0.8867688203999999
2003 Q2,WAUInner,0.648429123
2003 Q3,WAUInner,0.8787379402000001
2003 Q4,WAUInner,1.516986494
2004 Q1,WAUInner,0.9727235791000001
2004 Q2,WAUInner,0.5119394032
2004 Q3,WAUInner,0.8062099682
2004 Q4,WAUInner,0.8207579837
2005 Q1,WAUInner,0.6215285510999999
2005 Q2,WAUInner,0.7154718081
2005 Q3,WAUInner,0.6827107711
2005 Q4,WAUInner,0.6632314222
2006 Q1,WAUInner,0.671019401
2006 Q2,WAUInner,0.77167946
2006 Q3,WAUInner,0.6844545550000001
2006 Q4,WAUInner,0.680441312
2007 Q1,WAUInner,0.6000638036
2007 Q2,WAUInner,0.677266265
2007 Q3,WAUInner,1.1551823609999998
2007 Q4,WAUInner,0.7754374812999999
2008 Q1,WAUInner,0.6610330859
2008 Q2,WAUInner,0.477518155
2008 Q3,WAUInner,0.6522018886
2008 Q4,WAUInner,0.6198460927
2009 Q1,WAUInner,0.6912244921
2009 Q2,WAUInner,0.46963344160000003
2009 Q3,WAUInner,0.5294804369
2009 Q4,WAUInner,0.5731159728999999
2010 Q1,WAUInner,0.3948897552
2010 Q2,WAUInner,0.5012423972000001
2010 Q3,WAUInner,0.55265747
2010 Q4,WAUInner,0.4063121915
2011 Q1,WAUInner,0.6957113803
2011 Q2,WAUInner,0.3339399488
2011 Q3,WAUInner,0.6998773350999999
2011 Q4,WAUInner,0.620660689
2012 Q1,WAUInner,0.5329291574
2012 Q2,WAUInner,0.6134872318
2012 Q3,WAUInner,0.8155522024
2012 Q4,WAUInner,0.6960486347999999
2013 Q1,WAUInner,0.5743520329
2013 Q2,WAUInner,0.9976553366
2013 Q3,WAUInner,0.6278791935
2013 Q4,WAUInner,0.4671651589
2014 Q1,WAUInner,0.7648053358
2014 Q2,WAUInner,0.5376912350999999
2014 Q3,WAUInner,0.8749615287
2014 Q4,WAUInner,0.9923311042
2015 Q1,WAUInner,1.2886234082
2015 Q2,WAUInner,0.7736337445
2015 Q3,WAUInner,1.0880809059999998
2015 Q4,WAUInner,1.3065454764000002
2016 Q1,WAUInner,1.0331225646
2016 Q2,WAUInner,1.2432784688
2016 Q3,WAUInner,1.1693276567
2016 Q4,WAUInner,1.3453844157000001
1998 Q1,OTHMetro,3.4379239453999997
1998 Q2,OTHMetro,2.6770811074
1998 Q3,OTHMetro,3.7937428873
1998 Q4,OTHMetro,3.3042310816
1999 Q1,OTHMetro,3.5108187276
1999 Q2,OTHMetro,2.8718674937
1999 Q3,OTHMetro,3.8332309079
1999 Q4,OTHMetro,3.1434056569999997
2000 Q1,OTHMetro,4.1262484116
2000 Q2,OTHMetro,3.03259782
2000 Q3,OTHMetro,4.2039693324
2000 Q4,OTHMetro,3.4262929257
2001 Q1,OTHMetro,2.9193465271
2001 Q2,OTHMetro,3.4133701183
2001 Q3,OTHMetro,3.4615602467
2001 Q4,OTHMetro,3.1024146765
2002 Q1,OTHMetro,3.1957842142
2002 Q2,OTHMetro,2.8167046844000003
2002 Q3,OTHMetro,3.733359317
2002 Q4,OTHMetro,3.8612576743
2003 Q1,OTHMetro,2.8024228591
2003 Q2,OTHMetro,3.3384876468000004
2003 Q3,OTHMetro,3.1934933612
2003 Q4,OTHMetro,3.2183147998
2004 Q1,OTHMetro,4.0612923694
2004 Q2,OTHMetro,3.2680684291
2004 Q3,OTHMetro,3.3337400557
2004 Q4,OTHMetro,3.2514255536
2005 Q1,OTHMetro,3.7585752791
2005 Q2,OTHMetro,2.873837178
2005 Q3,OTHMetro,4.1555745605
2005 Q4,OTHMetro,2.5990841125000004
2006 Q1,OTHMetro,3.5784510650000003
2006 Q2,OTHMetro,3.837716177
2006 Q3,OTHMetro,3.8605157610000003
2006 Q4,OTHMetro,3.331924298
2007 Q1,OTHMetro,4.6123508249
2007 Q2,OTHMetro,4.0959139167
2007 Q3,OTHMetro,3.5944151259
2007 Q4,OTHMetro,3.4041251256000002
2008 Q1,OTHMetro,3.2376731291
2008 Q2,OTHMetro,2.8754924605000003
2008 Q3,OTHMetro,3.8364798084
2008 Q4,OTHMetro,2.9115515509
2009 Q1,OTHMetro,3.2433087216
2009 Q2,OTHMetro,3.2744855093000003
2009 Q3,OTHMetro,3.7059372242
2009 Q4,OTHMetro,2.9873594808
2010 Q1,OTHMetro,3.8375444788
2010 Q2,OTHMetro,3.5703090761
2010 Q3,OTHMetro,3.4216091677
2010 Q4,OTHMetro,2.796468832
2011 Q1,OTHMetro,2.9230303629999996
2011 Q2,OTHMetro,2.5119305328
2011 Q3,OTHMetro,3.8480496923
2011 Q4,OTHMetro,3.2316596478
2012 Q1,OTHMetro,3.5221719196
2012 Q2,OTHMetro,2.9281717257
2012 Q3,OTHMetro,3.8337861731
2012 Q4,OTHMetro,3.426875204
2013 Q1,OTHMetro,3.5697826917000004
2013 Q2,OTHMetro,3.0403931456
2013 Q3,OTHMetro,2.8724453674
2013 Q4,OTHMetro,2.7077718157
2014 Q1,OTHMetro,3.176732374
2014 Q2,OTHMetro,3.4838159825
2014 Q3,OTHMetro,3.6980007725
2014 Q4,OTHMetro,3.4908184675
2015 Q1,OTHMetro,4.269451385499999
2015 Q2,OTHMetro,3.7185754758
2015 Q3,OTHMetro,4.4190106969
2015 Q4,OTHMetro,3.8099729347
2016 Q1,OTHMetro,4.288449358099999
2016 Q2,OTHMetro,3.2780230939
2016 Q3,OTHMetro,4.2909246765999995
2016 Q4,OTHMetro,4.2338375496
1998 Q1,OTHNoMet,2.073469372
1998 Q2,OTHNoMet,1.7879385191
1998 Q3,OTHNoMet,2.3450206343
1998 Q4,OTHNoMet,1.9436887214
1999 Q1,OTHNoMet,2.1658378701000003
1999 Q2,OTHNoMet,1.8039396812
1999 Q3,OTHNoMet,1.6126552162
1999 Q4,OTHNoMet,1.652280397
2000 Q1,OTHNoMet,2.026803439
2000 Q2,OTHNoMet,1.7161138922
2000 Q3,OTHNoMet,1.7489917105
2000 Q4,OTHNoMet,1.8835133912
2001 Q1,OTHNoMet,1.8673941789000001
2001 Q2,OTHNoMet,1.8535695158
2001 Q3,OTHNoMet,1.9612570044
2001 Q4,OTHNoMet,1.4112940964
2002 Q1,OTHNoMet,1.9995952655
2002 Q2,OTHNoMet,1.8465321916
2002 Q3,OTHNoMet,1.7493738045
2002 Q4,OTHNoMet,2.0005126599
2003 Q1,OTHNoMet,2.1799168731
2003 Q2,OTHNoMet,1.8032189825
2003 Q3,OTHNoMet,1.6004936396999998
2003 Q4,OTHNoMet,2.0033628621
2004 Q1,OTHNoMet,2.7514103786
2004 Q2,OTHNoMet,1.7098061818
2004 Q3,OTHNoMet,1.7371135161
2004 Q4,OTHNoMet,1.495824927
2005 Q1,OTHNoMet,2.2386302032
2005 Q2,OTHNoMet,1.5090096245
2005 Q3,OTHNoMet,1.7401454911999998
2005 Q4,OTHNoMet,1.0591812097
2006 Q1,OTHNoMet,2.232595269
2006 Q2,OTHNoMet,1.894519608
2006 Q3,OTHNoMet,1.599647463
2006 Q4,OTHNoMet,1.349167665
2007 Q1,OTHNoMet,2.5303908421
2007 Q2,OTHNoMet,1.5919737817
2007 Q3,OTHNoMet,1.5407343499000001
2007 Q4,OTHNoMet,1.8653561381
2008 Q1,OTHNoMet,2.5783045082
2008 Q2,OTHNoMet,2.1360584577
2008 Q3,OTHNoMet,1.7835714187
2008 Q4,OTHNoMet,1.2078040996
2009 Q1,OTHNoMet,1.9884353402
2009 Q2,OTHNoMet,1.6823332210000002
2009 Q3,OTHNoMet,1.5168819089999999
2009 Q4,OTHNoMet,1.4449382049000001
2010 Q1,OTHNoMet,2.151455388
2010 Q2,OTHNoMet,1.5342433791
2010 Q3,OTHNoMet,1.6254593029
2010 Q4,OTHNoMet,1.2712642582
2011 Q1,OTHNoMet,2.0483842783
2011 Q2,OTHNoMet,1.3806448768
2011 Q3,OTHNoMet,1.7835730410000001
2011 Q4,OTHNoMet,1.2599233441
2012 Q1,OTHNoMet,1.9484483195
2012 Q2,OTHNoMet,1.4531308051
2012 Q3,OTHNoMet,1.7792883331999998
2012 Q4,OTHNoMet,1.6210434469
2013 Q1,OTHNoMet,2.093008732
2013 Q2,OTHNoMet,1.5024552208
2013 Q3,OTHNoMet,1.2342353383
2013 Q4,OTHNoMet,1.2603400361
2014 Q1,OTHNoMet,2.2351585136
2014 Q2,OTHNoMet,1.9654500476999999
2014 Q3,OTHNoMet,1.6830199071
2014 Q4,OTHNoMet,1.8582373549
2015 Q1,OTHNoMet,2.5749353336
2015 Q2,OTHNoMet,2.0105831637
2015 Q3,OTHNoMet,1.819065986
2015 Q4,OTHNoMet,2.3793675058
2016 Q1,OTHNoMet,2.8531008383
2016 Q2,OTHNoMet,1.9170895507
2016 Q3,OTHNoMet,2.1319023115
2016 Q4,OTHNoMet,2.0152496139
